Pos1,Pos2,iswall,NextNum,UpX,UpY,DownX,DownY,LeftX,LeftY,RightX,RightY
1,1,1,0,0,0,0,0,0,0,0,0
1,2,1,0,0,0,0,0,0,0,0,0
1,3,1,0,0,0,0,0,0,0,0,0
1,4,1,0,0,0,0,0,0,0,0,0
1,5,1,0,0,0,0,0,0,0,0,0
1,6,1,0,0,0,0,0,0,0,0,0
1,7,1,0,0,0,0,0,0,0,0,0
1,8,1,0,0,0,0,0,0,0,0,0
1,9,1,0,0,0,0,0,0,0,0,0
1,10,1,0,0,0,0,0,0,0,0,0
1,11,1,0,0,0,0,0,0,0,0,0
1,12,1,0,0,0,0,0,0,0,0,0
1,13,1,0,0,0,0,0,0,0,0,0
1,14,1,0,0,0,0,0,0,0,0,0
1,15,1,0,0,0,0,0,0,0,0,0
1,16,1,0,0,0,0,0,0,0,0,0
1,17,1,0,0,0,0,0,0,0,0,0
1,18,0,2,0,0,0,0,0,18,2,18
1,19,1,0,0,0,0,0,0,0,0,0
1,20,1,0,0,0,0,0,0,0,0,0
1,21,1,0,0,0,0,0,0,0,0,0
1,22,1,0,0,0,0,0,0,0,0,0
1,23,1,0,0,0,0,0,0,0,0,0
1,24,1,0,0,0,0,0,0,0,0,0
1,25,1,0,0,0,0,0,0,0,0,0
1,26,1,0,0,0,0,0,0,0,0,0
1,27,1,0,0,0,0,0,0,0,0,0
1,28,1,0,0,0,0,0,0,0,0,0
1,29,1,0,0,0,0,0,0,0,0,0
1,30,1,0,0,0,0,0,0,0,0,0
1,31,1,0,0,0,0,0,0,0,0,0
1,32,1,0,0,0,0,0,0,0,0,0
1,33,1,0,0,0,0,0,0,0,0,0
1,34,1,0,0,0,0,0,0,0,0,0
1,35,1,0,0,0,0,0,0,0,0,0
1,36,1,0,0,0,0,0,0,0,0,0
2,1,1,0,0,0,0,0,0,0,0,0
2,2,1,0,0,0,0,0,0,0,0,0
2,3,1,0,0,0,0,0,0,0,0,0
2,4,1,0,0,0,0,0,0,0,0,0
2,5,0,2,0,0,2,6,0,0,3,5
2,6,0,2,2,5,2,7,0,0,0,0
2,7,0,2,2,6,2,8,0,0,0,0
2,8,0,2,2,7,2,9,0,0,0,0
2,9,0,3,2,8,2,10,0,0,3,9
2,10,0,2,2,9,2,11,0,0,0,0
2,11,0,2,2,10,2,12,0,0,0,0
2,12,0,2,2,11,0,0,0,0,3,12
2,13,1,0,0,0,0,0,0,0,0,0
2,14,1,0,0,0,0,0,0,0,0,0
2,15,1,0,0,0,0,0,0,0,0,0
2,16,1,0,0,0,0,0,0,0,0,0
2,17,1,0,0,0,0,0,0,0,0,0
2,18,0,2,0,0,0,0,1,18,3,18
2,19,1,0,0,0,0,0,0,0,0,0
2,20,1,0,0,0,0,0,0,0,0,0
2,21,1,0,0,0,0,0,0,0,0,0
2,22,1,0,0,0,0,0,0,0,0,0
2,23,1,0,0,0,0,0,0,0,0,0
2,24,0,2,0,0,2,25,0,0,3,24
2,25,0,2,2,24,2,26,0,0,0,0
2,26,0,2,2,25,2,27,0,0,0,0
2,27,0,2,2,26,2,28,0,0,0,0
2,28,0,2,2,27,2,29,0,0,0,0
2,29,0,2,2,28,2,30,0,0,0,0
2,30,0,3,2,29,2,31,0,0,3,30
2,31,0,2,2,30,2,32,0,0,0,0
2,32,0,2,2,31,2,33,0,0,0,0
2,33,0,2,2,32,0,0,0,0,3,33
2,34,1,0,0,0,0,0,0,0,0,0
2,35,1,0,0,0,0,0,0,0,0,0
2,36,1,0,0,0,0,0,0,0,0,0
3,1,1,0,0,0,0,0,0,0,0,0
3,2,1,0,0,0,0,0,0,0,0,0
3,3,1,0,0,0,0,0,0,0,0,0
3,4,1,0,0,0,0,0,0,0,0,0
3,5,0,2,0,0,0,0,2,5,4,5
3,6,1,0,0,0,0,0,0,0,0,0
3,7,1,0,0,0,0,0,0,0,0,0
3,8,1,0,0,0,0,0,0,0,0,0
3,9,0,2,0,0,0,0,2,9,4,9
3,10,1,0,0,0,0,0,0,0,0,0
3,11,1,0,0,0,0,0,0,0,0,0
3,12,0,2,0,0,0,0,2,12,4,12
3,13,1,0,0,0,0,0,0,0,0,0
3,14,1,0,0,0,0,0,0,0,0,0
3,15,1,0,0,0,0,0,0,0,0,0
3,16,1,0,0,0,0,0,0,0,0,0
3,17,1,0,0,0,0,0,0,0,0,0
3,18,0,2,0,0,0,0,2,18,4,18
3,19,1,0,0,0,0,0,0,0,0,0
3,20,1,0,0,0,0,0,0,0,0,0
3,21,1,0,0,0,0,0,0,0,0,0
3,22,1,0,0,0,0,0,0,0,0,0
3,23,1,0,0,0,0,0,0,0,0,0
3,24,0,2,0,0,0,0,2,24,4,24
3,25,1,0,0,0,0,0,0,0,0,0
3,26,1,0,0,0,0,0,0,0,0,0
3,27,1,0,0,0,0,0,0,0,0,0
3,28,1,0,0,0,0,0,0,0,0,0
3,29,1,0,0,0,0,0,0,0,0,0
3,30,0,2,0,0,0,0,2,30,4,30
3,31,1,0,0,0,0,0,0,0,0,0
3,32,1,0,0,0,0,0,0,0,0,0
3,33,0,2,0,0,0,0,2,33,4,33
3,34,1,0,0,0,0,0,0,0,0,0
3,35,1,0,0,0,0,0,0,0,0,0
3,36,1,0,0,0,0,0,0,0,0,0
4,1,1,0,0,0,0,0,0,0,0,0
4,2,1,0,0,0,0,0,0,0,0,0
4,3,1,0,0,0,0,0,0,0,0,0
4,4,1,0,0,0,0,0,0,0,0,0
4,5,0,2,0,0,0,0,3,5,5,5
4,6,1,0,0,0,0,0,0,0,0,0
4,7,1,0,0,0,0,0,0,0,0,0
4,8,1,0,0,0,0,0,0,0,0,0
4,9,0,2,0,0,0,0,3,9,5,9
4,10,1,0,0,0,0,0,0,0,0,0
4,11,1,0,0,0,0,0,0,0,0,0
4,12,0,2,0,0,0,0,3,12,5,12
4,13,1,0,0,0,0,0,0,0,0,0
4,14,1,0,0,0,0,0,0,0,0,0
4,15,1,0,0,0,0,0,0,0,0,0
4,16,1,0,0,0,0,0,0,0,0,0
4,17,1,0,0,0,0,0,0,0,0,0
4,18,0,2,0,0,0,0,3,18,5,18
4,19,1,0,0,0,0,0,0,0,0,0
4,20,1,0,0,0,0,0,0,0,0,0
4,21,1,0,0,0,0,0,0,0,0,0
4,22,1,0,0,0,0,0,0,0,0,0
4,23,1,0,0,0,0,0,0,0,0,0
4,24,0,2,0,0,0,0,3,24,5,24
4,25,1,0,0,0,0,0,0,0,0,0
4,26,1,0,0,0,0,0,0,0,0,0
4,27,1,0,0,0,0,0,0,0,0,0
4,28,1,0,0,0,0,0,0,0,0,0
4,29,1,0,0,0,0,0,0,0,0,0
4,30,0,2,0,0,0,0,3,30,5,30
4,31,1,0,0,0,0,0,0,0,0,0
4,32,1,0,0,0,0,0,0,0,0,0
4,33,0,2,0,0,0,0,3,33,5,33
4,34,1,0,0,0,0,0,0,0,0,0
4,35,1,0,0,0,0,0,0,0,0,0
4,36,1,0,0,0,0,0,0,0,0,0
5,1,1,0,0,0,0,0,0,0,0,0
5,2,1,0,0,0,0,0,0,0,0,0
5,3,1,0,0,0,0,0,0,0,0,0
5,4,1,0,0,0,0,0,0,0,0,0
5,5,0,2,0,0,0,0,4,5,6,5
5,6,1,0,0,0,0,0,0,0,0,0
5,7,1,0,0,0,0,0,0,0,0,0
5,8,1,0,0,0,0,0,0,0,0,0
5,9,0,2,0,0,0,0,4,9,6,9
5,10,1,0,0,0,0,0,0,0,0,0
5,11,1,0,0,0,0,0,0,0,0,0
5,12,0,2,0,0,0,0,4,12,6,12
5,13,1,0,0,0,0,0,0,0,0,0
5,14,1,0,0,0,0,0,0,0,0,0
5,15,1,0,0,0,0,0,0,0,0,0
5,16,1,0,0,0,0,0,0,0,0,0
5,17,1,0,0,0,0,0,0,0,0,0
5,18,0,2,0,0,0,0,4,18,6,18
5,19,1,0,0,0,0,0,0,0,0,0
5,20,1,0,0,0,0,0,0,0,0,0
5,21,1,0,0,0,0,0,0,0,0,0
5,22,1,0,0,0,0,0,0,0,0,0
5,23,1,0,0,0,0,0,0,0,0,0
5,24,0,2,0,0,0,0,4,24,6,24
5,25,1,0,0,0,0,0,0,0,0,0
5,26,1,0,0,0,0,0,0,0,0,0
5,27,1,0,0,0,0,0,0,0,0,0
5,28,1,0,0,0,0,0,0,0,0,0
5,29,1,0,0,0,0,0,0,0,0,0
5,30,0,2,0,0,0,0,4,30,6,30
5,31,1,0,0,0,0,0,0,0,0,0
5,32,1,0,0,0,0,0,0,0,0,0
5,33,0,2,0,0,0,0,4,33,6,33
5,34,1,0,0,0,0,0,0,0,0,0
5,35,1,0,0,0,0,0,0,0,0,0
5,36,1,0,0,0,0,0,0,0,0,0
6,1,1,0,0,0,0,0,0,0,0,0
6,2,1,0,0,0,0,0,0,0,0,0
6,3,1,0,0,0,0,0,0,0,0,0
6,4,1,0,0,0,0,0,0,0,0,0
6,5,0,2,0,0,0,0,5,5,7,5
6,6,1,0,0,0,0,0,0,0,0,0
6,7,1,0,0,0,0,0,0,0,0,0
6,8,1,0,0,0,0,0,0,0,0,0
6,9,0,2,0,0,0,0,5,9,7,9
6,10,1,0,0,0,0,0,0,0,0,0
6,11,1,0,0,0,0,0,0,0,0,0
6,12,0,2,0,0,0,0,5,12,7,12
6,13,1,0,0,0,0,0,0,0,0,0
6,14,1,0,0,0,0,0,0,0,0,0
6,15,1,0,0,0,0,0,0,0,0,0
6,16,1,0,0,0,0,0,0,0,0,0
6,17,1,0,0,0,0,0,0,0,0,0
6,18,0,2,0,0,0,0,5,18,7,18
6,19,1,0,0,0,0,0,0,0,0,0
6,20,1,0,0,0,0,0,0,0,0,0
6,21,1,0,0,0,0,0,0,0,0,0
6,22,1,0,0,0,0,0,0,0,0,0
6,23,1,0,0,0,0,0,0,0,0,0
6,24,0,2,0,0,0,0,5,24,7,24
6,25,1,0,0,0,0,0,0,0,0,0
6,26,1,0,0,0,0,0,0,0,0,0
6,27,1,0,0,0,0,0,0,0,0,0
6,28,1,0,0,0,0,0,0,0,0,0
6,29,1,0,0,0,0,0,0,0,0,0
6,30,0,2,0,0,0,0,5,30,7,30
6,31,1,0,0,0,0,0,0,0,0,0
6,32,1,0,0,0,0,0,0,0,0,0
6,33,0,2,0,0,0,0,5,33,7,33
6,34,1,0,0,0,0,0,0,0,0,0
6,35,1,0,0,0,0,0,0,0,0,0
6,36,1,0,0,0,0,0,0,0,0,0
7,1,1,0,0,0,0,0,0,0,0,0
7,2,1,0,0,0,0,0,0,0,0,0
7,3,1,0,0,0,0,0,0,0,0,0
7,4,1,0,0,0,0,0,0,0,0,0
7,5,0,3,0,0,7,6,6,5,8,5
7,6,0,2,7,5,7,7,0,0,0,0
7,7,0,2,7,6,7,8,0,0,0,0
7,8,0,2,7,7,7,9,0,0,0,0
7,9,0,4,7,8,7,10,6,9,8,9
7,10,0,2,7,9,7,11,0,0,0,0
7,11,0,2,7,10,7,12,0,0,0,0
7,12,0,3,7,11,7,13,6,12,0,0
7,13,0,2,7,12,7,14,0,0,0,0
7,14,0,2,7,13,7,15,0,0,0,0
7,15,0,2,7,14,7,16,0,0,0,0
7,16,0,2,7,15,7,17,0,0,0,0
7,17,0,2,7,16,7,18,0,0,0,0
7,18,0,4,7,17,7,19,6,18,8,18
7,19,0,2,7,18,7,20,0,0,0,0
7,20,0,2,7,19,7,21,0,0,0,0
7,21,0,2,7,20,7,22,0,0,0,0
7,22,0,2,7,21,7,23,0,0,0,0
7,23,0,2,7,22,7,24,0,0,0,0
7,24,0,4,7,23,7,25,6,24,8,24
7,25,0,2,7,24,7,26,0,0,0,0
7,26,0,2,7,25,7,27,0,0,0,0
7,27,0,3,7,26,7,28,0,0,8,27
7,28,0,2,7,27,7,29,0,0,0,0
7,29,0,2,7,28,7,30,0,0,0,0
7,30,0,2,7,29,0,0,6,30,0,0
7,31,1,0,0,0,0,0,0,0,0,0
7,32,1,0,0,0,0,0,0,0,0,0
7,33,0,2,0,0,0,0,6,33,8,33
7,34,1,0,0,0,0,0,0,0,0,0
7,35,1,0,0,0,0,0,0,0,0,0
7,36,1,0,0,0,0,0,0,0,0,0
8,1,1,0,0,0,0,0,0,0,0,0
8,2,1,0,0,0,0,0,0,0,0,0
8,3,1,0,0,0,0,0,0,0,0,0
8,4,1,0,0,0,0,0,0,0,0,0
8,5,0,2,0,0,0,0,7,5,9,5
8,6,1,0,0,0,0,0,0,0,0,0
8,7,1,0,0,0,0,0,0,0,0,0
8,8,1,0,0,0,0,0,0,0,0,0
8,9,0,2,0,0,0,0,7,9,9,9
8,10,1,0,0,0,0,0,0,0,0,0
8,11,1,0,0,0,0,0,0,0,0,0
8,12,1,0,0,0,0,0,0,0,0,0
8,13,1,0,0,0,0,0,0,0,0,0
8,14,1,0,0,0,0,0,0,0,0,0
8,15,1,0,0,0,0,0,0,0,0,0
8,16,1,0,0,0,0,0,0,0,0,0
8,17,1,0,0,0,0,0,0,0,0,0
8,18,0,2,0,0,0,0,7,18,9,18
8,19,1,0,0,0,0,0,0,0,0,0
8,20,1,0,0,0,0,0,0,0,0,0
8,21,1,0,0,0,0,0,0,0,0,0
8,22,1,0,0,0,0,0,0,0,0,0
8,23,1,0,0,0,0,0,0,0,0,0
8,24,0,2,0,0,0,0,7,24,9,24
8,25,1,0,0,0,0,0,0,0,0,0
8,26,1,0,0,0,0,0,0,0,0,0
8,27,0,2,0,0,0,0,7,27,9,27
8,28,1,0,0,0,0,0,0,0,0,0
8,29,1,0,0,0,0,0,0,0,0,0
8,30,1,0,0,0,0,0,0,0,0,0
8,31,1,0,0,0,0,0,0,0,0,0
8,32,1,0,0,0,0,0,0,0,0,0
8,33,0,2,0,0,0,0,7,33,9,33
8,34,1,0,0,0,0,0,0,0,0,0
8,35,1,0,0,0,0,0,0,0,0,0
8,36,1,0,0,0,0,0,0,0,0,0
9,1,1,0,0,0,0,0,0,0,0,0
9,2,1,0,0,0,0,0,0,0,0,0
9,3,1,0,0,0,0,0,0,0,0,0
9,4,1,0,0,0,0,0,0,0,0,0
9,5,0,2,0,0,0,0,8,5,10,5
9,6,1,0,0,0,0,0,0,0,0,0
9,7,1,0,0,0,0,0,0,0,0,0
9,8,1,0,0,0,0,0,0,0,0,0
9,9,0,2,0,0,0,0,8,9,10,9
9,10,1,0,0,0,0,0,0,0,0,0
9,11,1,0,0,0,0,0,0,0,0,0
9,12,1,0,0,0,0,0,0,0,0,0
9,13,1,0,0,0,0,0,0,0,0,0
9,14,1,0,0,0,0,0,0,0,0,0
9,15,1,0,0,0,0,0,0,0,0,0
9,16,1,0,0,0,0,0,0,0,0,0
9,17,1,0,0,0,0,0,0,0,0,0
9,18,0,2,0,0,0,0,8,18,10,18
9,19,1,0,0,0,0,0,0,0,0,0
9,20,1,0,0,0,0,0,0,0,0,0
9,21,1,0,0,0,0,0,0,0,0,0
9,22,1,0,0,0,0,0,0,0,0,0
9,23,1,0,0,0,0,0,0,0,0,0
9,24,0,2,0,0,0,0,8,24,10,24
9,25,1,0,0,0,0,0,0,0,0,0
9,26,1,0,0,0,0,0,0,0,0,0
9,27,0,2,0,0,0,0,8,27,10,27
9,28,1,0,0,0,0,0,0,0,0,0
9,29,1,0,0,0,0,0,0,0,0,0
9,30,1,0,0,0,0,0,0,0,0,0
9,31,1,0,0,0,0,0,0,0,0,0
9,32,1,0,0,0,0,0,0,0,0,0
9,33,0,2,0,0,0,0,8,33,10,33
9,34,1,0,0,0,0,0,0,0,0,0
9,35,1,0,0,0,0,0,0,0,0,0
9,36,1,0,0,0,0,0,0,0,0,0
10,1,1,0,0,0,0,0,0,0,0,0
10,2,1,0,0,0,0,0,0,0,0,0
10,3,1,0,0,0,0,0,0,0,0,0
10,4,1,0,0,0,0,0,0,0,0,0
10,5,0,2,0,0,0,0,9,5,11,5
10,6,1,0,0,0,0,0,0,0,0,0
10,7,1,0,0,0,0,0,0,0,0,0
10,8,1,0,0,0,0,0,0,0,0,0
10,9,0,3,0,0,10,10,9,9,11,9
10,10,0,2,10,9,10,11,0,0,0,0
10,11,0,2,10,10,10,12,0,0,0,0
10,12,0,2,10,11,0,0,0,0,11,12
10,13,1,0,0,0,0,0,0,0,0,0
10,14,1,0,0,0,0,0,0,0,0,0
10,15,0,2,0,0,10,16,0,0,11,15
10,16,0,2,10,15,10,17,0,0,0,0
10,17,0,2,10,16,10,18,0,0,0,0
10,18,0,3,10,17,10,19,9,18,0,0
10,19,0,2,10,18,10,20,0,0,0,0
10,20,0,2,10,19,10,21,0,0,0,0
10,21,0,3,10,20,10,22,0,0,11,21
10,22,0,2,10,21,10,23,0,0,0,0
10,23,0,2,10,22,10,24,0,0,0,0
10,24,0,3,10,23,0,0,9,24,11,24
10,25,1,0,0,0,0,0,0,0,0,0
10,26,1,0,0,0,0,0,0,0,0,0
10,27,0,3,0,0,10,28,9,27,11,27
10,28,0,2,10,27,10,29,0,0,0,0
10,29,0,2,10,28,10,30,0,0,0,0
10,30,0,2,10,29,0,0,0,0,11,30
10,31,1,0,0,0,0,0,0,0,0,0
10,32,1,0,0,0,0,0,0,0,0,0
10,33,0,2,0,0,0,0,9,33,11,33
10,34,1,0,0,0,0,0,0,0,0,0
10,35,1,0,0,0,0,0,0,0,0,0
10,36,1,0,0,0,0,0,0,0,0,0
11,1,1,0,0,0,0,0,0,0,0,0
11,2,1,0,0,0,0,0,0,0,0,0
11,3,1,0,0,0,0,0,0,0,0,0
11,4,1,0,0,0,0,0,0,0,0,0
11,5,0,2,0,0,0,0,10,5,12,5
11,6,1,0,0,0,0,0,0,0,0,0
11,7,1,0,0,0,0,0,0,0,0,0
11,8,1,0,0,0,0,0,0,0,0,0
11,9,0,2,0,0,0,0,10,9,12,9
11,10,1,0,0,0,0,0,0,0,0,0
11,11,1,0,0,0,0,0,0,0,0,0
11,12,0,2,0,0,0,0,10,12,12,12
11,13,1,0,0,0,0,0,0,0,0,0
11,14,1,0,0,0,0,0,0,0,0,0
11,15,0,2,0,0,0,0,10,15,12,15
11,16,1,0,0,0,0,0,0,0,0,0
11,17,1,0,0,0,0,0,0,0,0,0
11,18,1,0,0,0,0,0,0,0,0,0
11,19,1,0,0,0,0,0,0,0,0,0
11,20,1,0,0,0,0,0,0,0,0,0
11,21,0,2,0,0,0,0,10,21,12,21
11,22,1,0,0,0,0,0,0,0,0,0
11,23,1,0,0,0,0,0,0,0,0,0
11,24,0,2,0,0,0,0,10,24,12,24
11,25,1,0,0,0,0,0,0,0,0,0
11,26,1,0,0,0,0,0,0,0,0,0
11,27,0,2,0,0,0,0,10,27,12,27
11,28,1,0,0,0,0,0,0,0,0,0
11,29,1,0,0,0,0,0,0,0,0,0
11,30,0,2,0,0,0,0,10,30,12,30
11,31,1,0,0,0,0,0,0,0,0,0
11,32,1,0,0,0,0,0,0,0,0,0
11,33,0,2,0,0,0,0,10,33,12,33
11,34,1,0,0,0,0,0,0,0,0,0
11,35,1,0,0,0,0,0,0,0,0,0
11,36,1,0,0,0,0,0,0,0,0,0
12,1,1,0,0,0,0,0,0,0,0,0
12,2,1,0,0,0,0,0,0,0,0,0
12,3,1,0,0,0,0,0,0,0,0,0
12,4,1,0,0,0,0,0,0,0,0,0
12,5,0,2,0,0,0,0,11,5,13,5
12,6,1,0,0,0,0,0,0,0,0,0
12,7,1,0,0,0,0,0,0,0,0,0
12,8,1,0,0,0,0,0,0,0,0,0
12,9,0,2,0,0,0,0,11,9,13,9
12,10,1,0,0,0,0,0,0,0,0,0
12,11,1,0,0,0,0,0,0,0,0,0
12,12,0,2,0,0,0,0,11,12,13,12
12,13,1,0,0,0,0,0,0,0,0,0
12,14,1,0,0,0,0,0,0,0,0,0
12,15,0,2,0,0,0,0,11,15,13,15
12,16,1,0,0,0,0,0,0,0,0,0
12,17,0,2,0,0,12,18,0,0,13,17
12,18,0,3,12,17,12,19,0,0,13,18
12,19,0,2,12,18,0,0,0,0,13,19
12,20,1,0,0,0,0,0,0,0,0,0
12,21,0,2,0,0,0,0,11,21,13,21
12,22,1,0,0,0,0,0,0,0,0,0
12,23,1,0,0,0,0,0,0,0,0,0
12,24,0,2,0,0,0,0,11,24,13,24
12,25,1,0,0,0,0,0,0,0,0,0
12,26,1,0,0,0,0,0,0,0,0,0
12,27,0,2,0,0,0,0,11,27,13,27
12,28,1,0,0,0,0,0,0,0,0,0
12,29,1,0,0,0,0,0,0,0,0,0
12,30,0,2,0,0,0,0,11,30,13,30
12,31,1,0,0,0,0,0,0,0,0,0
12,32,1,0,0,0,0,0,0,0,0,0
12,33,0,2,0,0,0,0,11,33,13,33
12,34,1,0,0,0,0,0,0,0,0,0
12,35,1,0,0,0,0,0,0,0,0,0
12,36,1,0,0,0,0,0,0,0,0,0
13,1,1,0,0,0,0,0,0,0,0,0
13,2,1,0,0,0,0,0,0,0,0,0
13,3,1,0,0,0,0,0,0,0,0,0
13,4,1,0,0,0,0,0,0,0,0,0
13,5,0,2,0,0,13,6,12,5,0,0
13,6,0,2,13,5,13,7,0,0,0,0
13,7,0,2,13,6,13,8,0,0,0,0
13,8,0,2,13,7,13,9,0,0,0,0
13,9,0,3,13,8,0,0,12,9,14,9
13,10,1,0,0,0,0,0,0,0,0,0
13,11,1,0,0,0,0,0,0,0,0,0
13,12,0,2,0,0,13,13,12,12,0,0
13,13,0,2,13,12,13,14,0,0,0,0
13,14,0,2,13,13,13,15,0,0,0,0
13,15,0,3,13,14,0,0,12,15,14,15
13,16,1,0,0,0,0,0,0,0,0,0
13,17,0,3,0,0,13,18,12,17,14,17
13,18,0,4,13,17,13,19,12,18,14,18
13,19,0,3,13,18,0,0,12,19,14,19
13,20,1,0,0,0,0,0,0,0,0,0
13,21,0,2,0,0,0,0,12,21,14,21
13,22,1,0,0,0,0,0,0,0,0,0
13,23,1,0,0,0,0,0,0,0,0,0
13,24,0,2,0,0,13,25,12,24,0,0
13,25,0,2,13,24,13,26,0,0,0,0
13,26,0,2,13,25,13,27,0,0,0,0
13,27,0,3,13,26,0,0,12,27,14,27
13,28,1,0,0,0,0,0,0,0,0,0
13,29,1,0,0,0,0,0,0,0,0,0
13,30,0,2,0,0,13,31,12,30,0,0
13,31,0,2,13,30,13,32,0,0,0,0
13,32,0,2,13,31,13,33,0,0,0,0
13,33,0,3,13,32,0,0,12,33,14,33
13,34,1,0,0,0,0,0,0,0,0,0
13,35,1,0,0,0,0,0,0,0,0,0
13,36,1,0,0,0,0,0,0,0,0,0
14,1,1,0,0,0,0,0,0,0,0,0
14,2,1,0,0,0,0,0,0,0,0,0
14,3,1,0,0,0,0,0,0,0,0,0
14,4,1,0,0,0,0,0,0,0,0,0
14,5,1,0,0,0,0,0,0,0,0,0
14,6,1,0,0,0,0,0,0,0,0,0
14,7,1,0,0,0,0,0,0,0,0,0
14,8,1,0,0,0,0,0,0,0,0,0
14,9,0,2,0,0,0,0,13,9,15,9
14,10,1,0,0,0,0,0,0,0,0,0
14,11,1,0,0,0,0,0,0,0,0,0
14,12,1,0,0,0,0,0,0,0,0,0
14,13,1,0,0,0,0,0,0,0,0,0
14,14,1,0,0,0,0,0,0,0,0,0
14,15,0,3,0,0,14,16,13,15,15,15
14,16,0,3,14,15,14,17,0,0,15,16
14,17,0,4,14,16,14,18,13,17,15,17
14,18,0,4,14,17,14,19,13,18,15,18
14,19,0,3,14,18,0,0,13,19,15,19
14,20,1,0,0,0,0,0,0,0,0,0
14,21,0,2,0,0,0,0,13,21,15,21
14,22,1,0,0,0,0,0,0,0,0,0
14,23,1,0,0,0,0,0,0,0,0,0
14,24,1,0,0,0,0,0,0,0,0,0
14,25,1,0,0,0,0,0,0,0,0,0
14,26,1,0,0,0,0,0,0,0,0,0
14,27,0,2,0,0,0,0,13,27,15,27
14,28,1,0,0,0,0,0,0,0,0,0
14,29,1,0,0,0,0,0,0,0,0,0
14,30,1,0,0,0,0,0,0,0,0,0
14,31,1,0,0,0,0,0,0,0,0,0
14,32,1,0,0,0,0,0,0,0,0,0
14,33,0,2,0,0,0,0,13,33,15,33
14,34,1,0,0,0,0,0,0,0,0,0
14,35,1,0,0,0,0,0,0,0,0,0
14,36,1,0,0,0,0,0,0,0,0,0
15,1,1,0,0,0,0,0,0,0,0,0
15,2,1,0,0,0,0,0,0,0,0,0
15,3,1,0,0,0,0,0,0,0,0,0
15,4,1,0,0,0,0,0,0,0,0,0
15,5,1,0,0,0,0,0,0,0,0,0
15,6,1,0,0,0,0,0,0,0,0,0
15,7,1,0,0,0,0,0,0,0,0,0
15,8,1,0,0,0,0,0,0,0,0,0
15,9,0,2,0,0,0,0,14,9,16,9
15,10,1,0,0,0,0,0,0,0,0,0
15,11,1,0,0,0,0,0,0,0,0,0
15,12,1,0,0,0,0,0,0,0,0,0
15,13,1,0,0,0,0,0,0,0,0,0
15,14,1,0,0,0,0,0,0,0,0,0
15,15,0,3,0,0,15,16,14,15,16,15
15,16,0,4,15,15,15,17,14,16,16,16
15,17,0,4,15,16,15,18,14,17,16,17
15,18,0,4,15,17,15,19,14,18,16,18
15,19,0,3,15,18,0,0,14,19,16,19
15,20,1,0,0,0,0,0,0,0,0,0
15,21,0,2,0,0,0,0,14,21,16,21
15,22,1,0,0,0,0,0,0,0,0,0
15,23,1,0,0,0,0,0,0,0,0,0
15,24,1,0,0,0,0,0,0,0,0,0
15,25,1,0,0,0,0,0,0,0,0,0
15,26,1,0,0,0,0,0,0,0,0,0
15,27,0,2,0,0,0,0,14,27,16,27
15,28,1,0,0,0,0,0,0,0,0,0
15,29,1,0,0,0,0,0,0,0,0,0
15,30,1,0,0,0,0,0,0,0,0,0
15,31,1,0,0,0,0,0,0,0,0,0
15,32,1,0,0,0,0,0,0,0,0,0
15,33,0,2,0,0,0,0,14,33,16,33
15,34,1,0,0,0,0,0,0,0,0,0
15,35,1,0,0,0,0,0,0,0,0,0
15,36,1,0,0,0,0,0,0,0,0,0
16,1,1,0,0,0,0,0,0,0,0,0
16,2,1,0,0,0,0,0,0,0,0,0
16,3,1,0,0,0,0,0,0,0,0,0
16,4,1,0,0,0,0,0,0,0,0,0
16,5,1,0,0,0,0,0,0,0,0,0
16,6,1,0,0,0,0,0,0,0,0,0
16,7,1,0,0,0,0,0,0,0,0,0
16,8,1,0,0,0,0,0,0,0,0,0
16,9,0,2,0,0,0,0,15,9,17,9
16,10,1,0,0,0,0,0,0,0,0,0
16,11,1,0,0,0,0,0,0,0,0,0
16,12,1,0,0,0,0,0,0,0,0,0
16,13,1,0,0,0,0,0,0,0,0,0
16,14,1,0,0,0,0,0,0,0,0,0
16,15,0,3,0,0,16,16,15,15,17,15
16,16,0,3,16,15,16,17,15,16,0,0
16,17,0,4,16,16,16,18,15,17,17,17
16,18,0,4,16,17,16,19,15,18,17,18
16,19,0,3,16,18,0,0,15,19,17,19
16,20,1,0,0,0,0,0,0,0,0,0
16,21,0,2,0,0,0,0,15,21,17,21
16,22,1,0,0,0,0,0,0,0,0,0
16,23,1,0,0,0,0,0,0,0,0,0
16,24,1,0,0,0,0,0,0,0,0,0
16,25,1,0,0,0,0,0,0,0,0,0
16,26,1,0,0,0,0,0,0,0,0,0
16,27,0,2,0,0,0,0,15,27,17,27
16,28,1,0,0,0,0,0,0,0,0,0
16,29,1,0,0,0,0,0,0,0,0,0
16,30,1,0,0,0,0,0,0,0,0,0
16,31,1,0,0,0,0,0,0,0,0,0
16,32,1,0,0,0,0,0,0,0,0,0
16,33,0,2,0,0,0,0,15,33,17,33
16,34,1,0,0,0,0,0,0,0,0,0
16,35,1,0,0,0,0,0,0,0,0,0
16,36,1,0,0,0,0,0,0,0,0,0
17,1,1,0,0,0,0,0,0,0,0,0
17,2,1,0,0,0,0,0,0,0,0,0
17,3,1,0,0,0,0,0,0,0,0,0
17,4,1,0,0,0,0,0,0,0,0,0
17,5,0,2,0,0,17,6,0,0,18,5
17,6,0,2,17,5,17,7,0,0,0,0
17,7,0,2,17,6,17,8,0,0,0,0
17,8,0,2,17,7,17,9,0,0,0,0
17,9,0,3,17,8,0,0,16,9,18,9
17,10,1,0,0,0,0,0,0,0,0,0
17,11,1,0,0,0,0,0,0,0,0,0
17,12,0,2,0,0,17,13,0,0,18,12
17,13,0,2,17,12,17,14,0,0,0,0
17,14,0,2,17,13,17,15,0,0,0,0
17,15,0,3,17,14,0,0,16,15,18,15
17,16,1,0,0,0,0,0,0,0,0,0
17,17,0,3,0,0,17,18,16,17,18,17
17,18,0,4,17,17,17,19,16,18,18,18
17,19,0,3,17,18,0,0,16,19,18,19
17,20,1,0,0,0,0,0,0,0,0,0
17,21,0,2,0,0,0,0,16,21,18,21
17,22,1,0,0,0,0,0,0,0,0,0
17,23,1,0,0,0,0,0,0,0,0,0
17,24,0,2,0,0,17,25,0,0,18,24
17,25,0,2,17,24,17,26,0,0,0,0
17,26,0,2,17,25,17,27,0,0,0,0
17,27,0,3,17,26,0,0,16,27,18,27
17,28,1,0,0,0,0,0,0,0,0,0
17,29,1,0,0,0,0,0,0,0,0,0
17,30,0,2,0,0,17,31,0,0,18,30
17,31,0,2,17,30,17,32,0,0,0,0
17,32,0,2,17,31,17,33,0,0,0,0
17,33,0,3,17,32,0,0,16,33,18,33
17,34,1,0,0,0,0,0,0,0,0,0
17,35,1,0,0,0,0,0,0,0,0,0
17,36,1,0,0,0,0,0,0,0,0,0
18,1,1,0,0,0,0,0,0,0,0,0
18,2,1,0,0,0,0,0,0,0,0,0
18,3,1,0,0,0,0,0,0,0,0,0
18,4,1,0,0,0,0,0,0,0,0,0
18,5,0,2,0,0,0,0,17,5,19,5
18,6,1,0,0,0,0,0,0,0,0,0
18,7,1,0,0,0,0,0,0,0,0,0
18,8,1,0,0,0,0,0,0,0,0,0
18,9,0,2,0,0,0,0,17,9,19,9
18,10,1,0,0,0,0,0,0,0,0,0
18,11,1,0,0,0,0,0,0,0,0,0
18,12,0,2,0,0,0,0,17,12,19,12
18,13,1,0,0,0,0,0,0,0,0,0
18,14,1,0,0,0,0,0,0,0,0,0
18,15,0,2,0,0,0,0,17,15,19,15
18,16,1,0,0,0,0,0,0,0,0,0
18,17,0,2,0,0,18,18,17,17,0,0
18,18,0,3,18,17,18,19,17,18,0,0
18,19,0,2,18,18,0,0,17,19,0,0
18,20,1,0,0,0,0,0,0,0,0,0
18,21,0,2,0,0,0,0,17,21,19,21
18,22,1,0,0,0,0,0,0,0,0,0
18,23,1,0,0,0,0,0,0,0,0,0
18,24,0,2,0,0,0,0,17,24,19,24
18,25,1,0,0,0,0,0,0,0,0,0
18,26,1,0,0,0,0,0,0,0,0,0
18,27,0,2,0,0,0,0,17,27,19,27
18,28,1,0,0,0,0,0,0,0,0,0
18,29,1,0,0,0,0,0,0,0,0,0
18,30,0,2,0,0,0,0,17,30,19,30
18,31,1,0,0,0,0,0,0,0,0,0
18,32,1,0,0,0,0,0,0,0,0,0
18,33,0,2,0,0,0,0,17,33,19,33
18,34,1,0,0,0,0,0,0,0,0,0
18,35,1,0,0,0,0,0,0,0,0,0
18,36,1,0,0,0,0,0,0,0,0,0
19,1,1,0,0,0,0,0,0,0,0,0
19,2,1,0,0,0,0,0,0,0,0,0
19,3,1,0,0,0,0,0,0,0,0,0
19,4,1,0,0,0,0,0,0,0,0,0
19,5,0,2,0,0,0,0,18,5,20,5
19,6,1,0,0,0,0,0,0,0,0,0
19,7,1,0,0,0,0,0,0,0,0,0
19,8,1,0,0,0,0,0,0,0,0,0
19,9,0,2,0,0,0,0,18,9,20,9
19,10,1,0,0,0,0,0,0,0,0,0
19,11,1,0,0,0,0,0,0,0,0,0
19,12,0,2,0,0,0,0,18,12,20,12
19,13,1,0,0,0,0,0,0,0,0,0
19,14,1,0,0,0,0,0,0,0,0,0
19,15,0,2,0,0,0,0,18,15,20,15
19,16,1,0,0,0,0,0,0,0,0,0
19,17,1,0,0,0,0,0,0,0,0,0
19,18,1,0,0,0,0,0,0,0,0,0
19,19,1,0,0,0,0,0,0,0,0,0
19,20,1,0,0,0,0,0,0,0,0,0
19,21,0,2,0,0,0,0,18,21,20,21
19,22,1,0,0,0,0,0,0,0,0,0
19,23,1,0,0,0,0,0,0,0,0,0
19,24,0,2,0,0,0,0,18,24,20,24
19,25,1,0,0,0,0,0,0,0,0,0
19,26,1,0,0,0,0,0,0,0,0,0
19,27,0,2,0,0,0,0,18,27,20,27
19,28,1,0,0,0,0,0,0,0,0,0
19,29,1,0,0,0,0,0,0,0,0,0
19,30,0,2,0,0,0,0,18,30,20,30
19,31,1,0,0,0,0,0,0,0,0,0
19,32,1,0,0,0,0,0,0,0,0,0
19,33,0,2,0,0,0,0,18,33,20,33
19,34,1,0,0,0,0,0,0,0,0,0
19,35,1,0,0,0,0,0,0,0,0,0
19,36,1,0,0,0,0,0,0,0,0,0
20,1,1,0,0,0,0,0,0,0,0,0
20,2,1,0,0,0,0,0,0,0,0,0
20,3,1,0,0,0,0,0,0,0,0,0
20,4,1,0,0,0,0,0,0,0,0,0
20,5,0,2,0,0,0,0,19,5,21,5
20,6,1,0,0,0,0,0,0,0,0,0
20,7,1,0,0,0,0,0,0,0,0,0
20,8,1,0,0,0,0,0,0,0,0,0
20,9,0,3,0,0,20,10,19,9,21,9
20,10,0,2,20,9,20,11,0,0,0,0
20,11,0,2,20,10,20,12,0,0,0,0
20,12,0,2,20,11,0,0,19,12,0,0
20,13,1,0,0,0,0,0,0,0,0,0
20,14,1,0,0,0,0,0,0,0,0,0
20,15,0,2,0,0,20,16,19,15,0,0
20,16,0,2,20,15,20,17,0,0,0,0
20,17,0,2,20,16,20,18,0,0,0,0
20,18,0,3,20,17,20,19,0,0,21,18
20,19,0,2,20,18,20,20,0,0,0,0
20,20,0,2,20,19,20,21,0,0,0,0
20,21,0,3,20,20,20,22,19,21,0,0
20,22,0,2,20,21,20,23,0,0,0,0
20,23,0,2,20,22,20,24,0,0,0,0
20,24,0,3,20,23,0,0,19,24,21,24
20,25,1,0,0,0,0,0,0,0,0,0
20,26,1,0,0,0,0,0,0,0,0,0
20,27,0,3,0,0,20,28,19,27,21,27
20,28,0,2,20,27,20,29,0,0,0,0
20,29,0,2,20,28,20,30,0,0,0,0
20,30,0,2,20,29,0,0,19,30,0,0
20,31,1,0,0,0,0,0,0,0,0,0
20,32,1,0,0,0,0,0,0,0,0,0
20,33,0,2,0,0,0,0,19,33,21,33
20,34,1,0,0,0,0,0,0,0,0,0
20,35,1,0,0,0,0,0,0,0,0,0
20,36,1,0,0,0,0,0,0,0,0,0
21,1,1,0,0,0,0,0,0,0,0,0
21,2,1,0,0,0,0,0,0,0,0,0
21,3,1,0,0,0,0,0,0,0,0,0
21,4,1,0,0,0,0,0,0,0,0,0
21,5,0,2,0,0,0,0,20,5,22,5
21,6,1,0,0,0,0,0,0,0,0,0
21,7,1,0,0,0,0,0,0,0,0,0
21,8,1,0,0,0,0,0,0,0,0,0
21,9,0,2,0,0,0,0,20,9,22,9
21,10,1,0,0,0,0,0,0,0,0,0
21,11,1,0,0,0,0,0,0,0,0,0
21,12,1,0,0,0,0,0,0,0,0,0
21,13,1,0,0,0,0,0,0,0,0,0
21,14,1,0,0,0,0,0,0,0,0,0
21,15,1,0,0,0,0,0,0,0,0,0
21,16,1,0,0,0,0,0,0,0,0,0
21,17,1,0,0,0,0,0,0,0,0,0
21,18,0,2,0,0,0,0,20,18,22,18
21,19,1,0,0,0,0,0,0,0,0,0
21,20,1,0,0,0,0,0,0,0,0,0
21,21,1,0,0,0,0,0,0,0,0,0
21,22,1,0,0,0,0,0,0,0,0,0
21,23,1,0,0,0,0,0,0,0,0,0
21,24,0,2,0,0,0,0,20,24,22,24
21,25,1,0,0,0,0,0,0,0,0,0
21,26,1,0,0,0,0,0,0,0,0,0
21,27,0,2,0,0,0,0,20,27,22,27
21,28,1,0,0,0,0,0,0,0,0,0
21,29,1,0,0,0,0,0,0,0,0,0
21,30,1,0,0,0,0,0,0,0,0,0
21,31,1,0,0,0,0,0,0,0,0,0
21,32,1,0,0,0,0,0,0,0,0,0
21,33,0,2,0,0,0,0,20,33,22,33
21,34,1,0,0,0,0,0,0,0,0,0
21,35,1,0,0,0,0,0,0,0,0,0
21,36,1,0,0,0,0,0,0,0,0,0
22,1,1,0,0,0,0,0,0,0,0,0
22,2,1,0,0,0,0,0,0,0,0,0
22,3,1,0,0,0,0,0,0,0,0,0
22,4,1,0,0,0,0,0,0,0,0,0
22,5,0,2,0,0,0,0,21,5,23,5
22,6,1,0,0,0,0,0,0,0,0,0
22,7,1,0,0,0,0,0,0,0,0,0
22,8,1,0,0,0,0,0,0,0,0,0
22,9,0,2,0,0,0,0,21,9,23,9
22,10,1,0,0,0,0,0,0,0,0,0
22,11,1,0,0,0,0,0,0,0,0,0
22,12,1,0,0,0,0,0,0,0,0,0
22,13,1,0,0,0,0,0,0,0,0,0
22,14,1,0,0,0,0,0,0,0,0,0
22,15,1,0,0,0,0,0,0,0,0,0
22,16,1,0,0,0,0,0,0,0,0,0
22,17,1,0,0,0,0,0,0,0,0,0
22,18,0,2,0,0,0,0,21,18,23,18
22,19,1,0,0,0,0,0,0,0,0,0
22,20,1,0,0,0,0,0,0,0,0,0
22,21,1,0,0,0,0,0,0,0,0,0
22,22,1,0,0,0,0,0,0,0,0,0
22,23,1,0,0,0,0,0,0,0,0,0
22,24,0,2,0,0,0,0,21,24,23,24
22,25,1,0,0,0,0,0,0,0,0,0
22,26,1,0,0,0,0,0,0,0,0,0
22,27,0,2,0,0,0,0,21,27,23,27
22,28,1,0,0,0,0,0,0,0,0,0
22,29,1,0,0,0,0,0,0,0,0,0
22,30,1,0,0,0,0,0,0,0,0,0
22,31,1,0,0,0,0,0,0,0,0,0
22,32,1,0,0,0,0,0,0,0,0,0
22,33,0,2,0,0,0,0,21,33,23,33
22,34,1,0,0,0,0,0,0,0,0,0
22,35,1,0,0,0,0,0,0,0,0,0
22,36,1,0,0,0,0,0,0,0,0,0
23,1,1,0,0,0,0,0,0,0,0,0
23,2,1,0,0,0,0,0,0,0,0,0
23,3,1,0,0,0,0,0,0,0,0,0
23,4,1,0,0,0,0,0,0,0,0,0
23,5,0,3,0,0,23,6,22,5,24,5
23,6,0,2,23,5,23,7,0,0,0,0
23,7,0,2,23,6,23,8,0,0,0,0
23,8,0,2,23,7,23,9,0,0,0,0
23,9,0,4,23,8,23,10,22,9,24,9
23,10,0,2,23,9,23,11,0,0,0,0
23,11,0,2,23,10,23,12,0,0,0,0
23,12,0,3,23,11,23,13,0,0,24,12
23,13,0,2,23,12,23,14,0,0,0,0
23,14,0,2,23,13,23,15,0,0,0,0
23,15,0,2,23,14,23,16,0,0,0,0
23,16,0,2,23,15,23,17,0,0,0,0
23,17,0,2,23,16,23,18,0,0,0,0
23,18,0,4,23,17,23,19,22,18,24,18
23,19,0,2,23,18,23,20,0,0,0,0
23,20,0,2,23,19,23,21,0,0,0,0
23,21,0,2,23,20,23,22,0,0,0,0
23,22,0,2,23,21,23,23,0,0,0,0
23,23,0,2,23,22,23,24,0,0,0,0
23,24,0,4,23,23,23,25,22,24,24,24
23,25,0,2,23,24,23,26,0,0,0,0
23,26,0,2,23,25,23,27,0,0,0,0
23,27,0,3,23,26,23,28,22,27,0,0
23,28,0,2,23,27,23,29,0,0,0,0
23,29,0,2,23,28,23,30,0,0,0,0
23,30,0,2,23,29,0,0,0,0,24,30
23,31,1,0,0,0,0,0,0,0,0,0
23,32,1,0,0,0,0,0,0,0,0,0
23,33,0,2,0,0,0,0,22,33,24,33
23,34,1,0,0,0,0,0,0,0,0,0
23,35,1,0,0,0,0,0,0,0,0,0
23,36,1,0,0,0,0,0,0,0,0,0
24,1,1,0,0,0,0,0,0,0,0,0
24,2,1,0,0,0,0,0,0,0,0,0
24,3,1,0,0,0,0,0,0,0,0,0
24,4,1,0,0,0,0,0,0,0,0,0
24,5,0,2,0,0,0,0,23,5,25,5
24,6,1,0,0,0,0,0,0,0,0,0
24,7,1,0,0,0,0,0,0,0,0,0
24,8,1,0,0,0,0,0,0,0,0,0
24,9,0,2,0,0,0,0,23,9,25,9
24,10,1,0,0,0,0,0,0,0,0,0
24,11,1,0,0,0,0,0,0,0,0,0
24,12,0,2,0,0,0,0,23,12,25,12
24,13,1,0,0,0,0,0,0,0,0,0
24,14,1,0,0,0,0,0,0,0,0,0
24,15,1,0,0,0,0,0,0,0,0,0
24,16,1,0,0,0,0,0,0,0,0,0
24,17,1,0,0,0,0,0,0,0,0,0
24,18,0,2,0,0,0,0,23,18,25,18
24,19,1,0,0,0,0,0,0,0,0,0
24,20,1,0,0,0,0,0,0,0,0,0
24,21,1,0,0,0,0,0,0,0,0,0
24,22,1,0,0,0,0,0,0,0,0,0
24,23,1,0,0,0,0,0,0,0,0,0
24,24,0,2,0,0,0,0,23,24,25,24
24,25,1,0,0,0,0,0,0,0,0,0
24,26,1,0,0,0,0,0,0,0,0,0
24,27,1,0,0,0,0,0,0,0,0,0
24,28,1,0,0,0,0,0,0,0,0,0
24,29,1,0,0,0,0,0,0,0,0,0
24,30,0,2,0,0,0,0,23,30,25,30
24,31,1,0,0,0,0,0,0,0,0,0
24,32,1,0,0,0,0,0,0,0,0,0
24,33,0,2,0,0,0,0,23,33,25,33
24,34,1,0,0,0,0,0,0,0,0,0
24,35,1,0,0,0,0,0,0,0,0,0
24,36,1,0,0,0,0,0,0,0,0,0
25,1,1,0,0,0,0,0,0,0,0,0
25,2,1,0,0,0,0,0,0,0,0,0
25,3,1,0,0,0,0,0,0,0,0,0
25,4,1,0,0,0,0,0,0,0,0,0
25,5,0,2,0,0,0,0,24,5,26,5
25,6,1,0,0,0,0,0,0,0,0,0
25,7,1,0,0,0,0,0,0,0,0,0
25,8,1,0,0,0,0,0,0,0,0,0
25,9,0,2,0,0,0,0,24,9,26,9
25,10,1,0,0,0,0,0,0,0,0,0
25,11,1,0,0,0,0,0,0,0,0,0
25,12,0,2,0,0,0,0,24,12,26,12
25,13,1,0,0,0,0,0,0,0,0,0
25,14,1,0,0,0,0,0,0,0,0,0
25,15,1,0,0,0,0,0,0,0,0,0
25,16,1,0,0,0,0,0,0,0,0,0
25,17,1,0,0,0,0,0,0,0,0,0
25,18,0,2,0,0,0,0,24,18,26,18
25,19,1,0,0,0,0,0,0,0,0,0
25,20,1,0,0,0,0,0,0,0,0,0
25,21,1,0,0,0,0,0,0,0,0,0
25,22,1,0,0,0,0,0,0,0,0,0
25,23,1,0,0,0,0,0,0,0,0,0
25,24,0,2,0,0,0,0,24,24,26,24
25,25,1,0,0,0,0,0,0,0,0,0
25,26,1,0,0,0,0,0,0,0,0,0
25,27,1,0,0,0,0,0,0,0,0,0
25,28,1,0,0,0,0,0,0,0,0,0
25,29,1,0,0,0,0,0,0,0,0,0
25,30,0,2,0,0,0,0,24,30,26,30
25,31,1,0,0,0,0,0,0,0,0,0
25,32,1,0,0,0,0,0,0,0,0,0
25,33,0,2,0,0,0,0,24,33,26,33
25,34,1,0,0,0,0,0,0,0,0,0
25,35,1,0,0,0,0,0,0,0,0,0
25,36,1,0,0,0,0,0,0,0,0,0
26,1,1,0,0,0,0,0,0,0,0,0
26,2,1,0,0,0,0,0,0,0,0,0
26,3,1,0,0,0,0,0,0,0,0,0
26,4,1,0,0,0,0,0,0,0,0,0
26,5,0,2,0,0,0,0,25,5,27,5
26,6,1,0,0,0,0,0,0,0,0,0
26,7,1,0,0,0,0,0,0,0,0,0
26,8,1,0,0,0,0,0,0,0,0,0
26,9,0,2,0,0,0,0,25,9,27,9
26,10,1,0,0,0,0,0,0,0,0,0
26,11,1,0,0,0,0,0,0,0,0,0
26,12,0,2,0,0,0,0,25,12,27,12
26,13,1,0,0,0,0,0,0,0,0,0
26,14,1,0,0,0,0,0,0,0,0,0
26,15,1,0,0,0,0,0,0,0,0,0
26,16,1,0,0,0,0,0,0,0,0,0
26,17,1,0,0,0,0,0,0,0,0,0
26,18,0,2,0,0,0,0,25,18,27,18
26,19,1,0,0,0,0,0,0,0,0,0
26,20,1,0,0,0,0,0,0,0,0,0
26,21,1,0,0,0,0,0,0,0,0,0
26,22,1,0,0,0,0,0,0,0,0,0
26,23,1,0,0,0,0,0,0,0,0,0
26,24,0,2,0,0,0,0,25,24,27,24
26,25,1,0,0,0,0,0,0,0,0,0
26,26,1,0,0,0,0,0,0,0,0,0
26,27,1,0,0,0,0,0,0,0,0,0
26,28,1,0,0,0,0,0,0,0,0,0
26,29,1,0,0,0,0,0,0,0,0,0
26,30,0,2,0,0,0,0,25,30,27,30
26,31,1,0,0,0,0,0,0,0,0,0
26,32,1,0,0,0,0,0,0,0,0,0
26,33,0,2,0,0,0,0,25,33,27,33
26,34,1,0,0,0,0,0,0,0,0,0
26,35,1,0,0,0,0,0,0,0,0,0
26,36,1,0,0,0,0,0,0,0,0,0
27,1,1,0,0,0,0,0,0,0,0,0
27,2,1,0,0,0,0,0,0,0,0,0
27,3,1,0,0,0,0,0,0,0,0,0
27,4,1,0,0,0,0,0,0,0,0,0
27,5,0,2,0,0,0,0,26,5,28,5
27,6,1,0,0,0,0,0,0,0,0,0
27,7,1,0,0,0,0,0,0,0,0,0
27,8,1,0,0,0,0,0,0,0,0,0
27,9,0,2,0,0,0,0,26,9,28,9
27,10,1,0,0,0,0,0,0,0,0,0
27,11,1,0,0,0,0,0,0,0,0,0
27,12,0,2,0,0,0,0,26,12,28,12
27,13,1,0,0,0,0,0,0,0,0,0
27,14,1,0,0,0,0,0,0,0,0,0
27,15,1,0,0,0,0,0,0,0,0,0
27,16,1,0,0,0,0,0,0,0,0,0
27,17,1,0,0,0,0,0,0,0,0,0
27,18,0,2,0,0,0,0,26,18,28,18
27,19,1,0,0,0,0,0,0,0,0,0
27,20,1,0,0,0,0,0,0,0,0,0
27,21,1,0,0,0,0,0,0,0,0,0
27,22,1,0,0,0,0,0,0,0,0,0
27,23,1,0,0,0,0,0,0,0,0,0
27,24,0,2,0,0,0,0,26,24,28,24
27,25,1,0,0,0,0,0,0,0,0,0
27,26,1,0,0,0,0,0,0,0,0,0
27,27,1,0,0,0,0,0,0,0,0,0
27,28,1,0,0,0,0,0,0,0,0,0
27,29,1,0,0,0,0,0,0,0,0,0
27,30,0,2,0,0,0,0,26,30,28,30
27,31,1,0,0,0,0,0,0,0,0,0
27,32,1,0,0,0,0,0,0,0,0,0
27,33,0,2,0,0,0,0,26,33,28,33
27,34,1,0,0,0,0,0,0,0,0,0
27,35,1,0,0,0,0,0,0,0,0,0
27,36,1,0,0,0,0,0,0,0,0,0
28,1,1,0,0,0,0,0,0,0,0,0
28,2,1,0,0,0,0,0,0,0,0,0
28,3,1,0,0,0,0,0,0,0,0,0
28,4,1,0,0,0,0,0,0,0,0,0
28,5,0,2,0,0,28,6,27,5,0,0
28,6,0,2,28,5,28,7,0,0,0,0
28,7,0,2,28,6,28,8,0,0,0,0
28,8,0,2,28,7,28,9,0,0,0,0
28,9,0,3,28,8,28,10,27,9,0,0
28,10,0,2,28,9,28,11,0,0,0,0
28,11,0,2,28,10,28,12,0,0,0,0
28,12,0,2,28,11,0,0,27,12,0,0
28,13,1,0,0,0,0,0,0,0,0,0
28,14,1,0,0,0,0,0,0,0,0,0
28,15,1,0,0,0,0,0,0,0,0,0
28,16,1,0,0,0,0,0,0,0,0,0
28,17,1,0,0,0,0,0,0,0,0,0
28,18,0,2,0,0,0,0,27,18,29,18
28,19,1,0,0,0,0,0,0,0,0,0
28,20,1,0,0,0,0,0,0,0,0,0
28,21,1,0,0,0,0,0,0,0,0,0
28,22,1,0,0,0,0,0,0,0,0,0
28,23,1,0,0,0,0,0,0,0,0,0
28,24,0,2,0,0,28,25,27,24,0,0
28,25,0,2,28,24,28,26,0,0,0,0
28,26,0,2,28,25,28,27,0,0,0,0
28,27,0,2,28,26,28,28,0,0,0,0
28,28,0,2,28,27,28,29,0,0,0,0
28,29,0,2,28,28,28,30,0,0,0,0
28,30,0,3,28,29,28,31,27,30,0,0
28,31,0,2,28,30,28,32,0,0,0,0
28,32,0,2,28,31,28,33,0,0,0,0
28,33,0,2,28,32,0,0,27,33,0,0
28,34,1,0,0,0,0,0,0,0,0,0
28,35,1,0,0,0,0,0,0,0,0,0
28,36,1,0,0,0,0,0,0,0,0,0
29,1,1,0,0,0,0,0,0,0,0,0
29,2,1,0,0,0,0,0,0,0,0,0
29,3,1,0,0,0,0,0,0,0,0,0
29,4,1,0,0,0,0,0,0,0,0,0
29,5,1,0,0,0,0,0,0,0,0,0
29,6,1,0,0,0,0,0,0,0,0,0
29,7,1,0,0,0,0,0,0,0,0,0
29,8,1,0,0,0,0,0,0,0,0,0
29,9,1,0,0,0,0,0,0,0,0,0
29,10,1,0,0,0,0,0,0,0,0,0
29,11,1,0,0,0,0,0,0,0,0,0
29,12,1,0,0,0,0,0,0,0,0,0
29,13,1,0,0,0,0,0,0,0,0,0
29,14,1,0,0,0,0,0,0,0,0,0
29,15,1,0,0,0,0,0,0,0,0,0
29,16,1,0,0,0,0,0,0,0,0,0
29,17,1,0,0,0,0,0,0,0,0,0
29,18,0,2,0,0,0,0,28,18,30,18
29,19,1,0,0,0,0,0,0,0,0,0
29,20,1,0,0,0,0,0,0,0,0,0
29,21,1,0,0,0,0,0,0,0,0,0
29,22,1,0,0,0,0,0,0,0,0,0
29,23,1,0,0,0,0,0,0,0,0,0
29,24,1,0,0,0,0,0,0,0,0,0
29,25,1,0,0,0,0,0,0,0,0,0
29,26,1,0,0,0,0,0,0,0,0,0
29,27,1,0,0,0,0,0,0,0,0,0
29,28,1,0,0,0,0,0,0,0,0,0
29,29,1,0,0,0,0,0,0,0,0,0
29,30,1,0,0,0,0,0,0,0,0,0
29,31,1,0,0,0,0,0,0,0,0,0
29,32,1,0,0,0,0,0,0,0,0,0
29,33,1,0,0,0,0,0,0,0,0,0
29,34,1,0,0,0,0,0,0,0,0,0
29,35,1,0,0,0,0,0,0,0,0,0
29,36,1,0,0,0,0,0,0,0,0,0
0,18,0,2,0,0,0,0,-1,18,1,18
-1,18,0,2,0,0,0,0,31,18,0,18
30,18,0,2,0,0,0,0,29,18,31,18
31,18,0,2,0,0,0,0,30,18,-1,18
